neuronal cell body,178193, 178194, 178195, 178196, 178197, 178198, 178199, 178200, 178201, 178202, 178203, 178204, 178205, 178206, 178207, 178208, 178209, 178210, 178211, 178212, 178213, 178214, 178215, 178216, 178217, 178218, 178219, 178220, 178221, 178222, 178223, 178224, 178225, 178226, 178227, 178228, 178229, 178230, 178231, 178232, 178233, 178234, 178235, 178236, 178237, 178238, 178239, 178240, 178241, 178242, 178243, 178244, 178245, 178246, 178247, 178248, 178249, 178250, 178251, 178252, 178253, 178254, 178255, 178256, 178257, 178258, 178259, 178260
neuron projection,178069, 178070, 178071, 178072, 178073, 178074, 178075, 178076, 178077, 178078, 178079, 178080, 178081, 178082, 178083, 178084, 178085, 178086, 178087, 178088, 178089, 178090, 178091, 178092, 178093, 178094, 178095, 178096, 178097, 178098, 178099, 178100, 178101, 178102, 178103, 178104, 178105, 178106, 178107, 178108, 178109, 178110, 178111, 178112, 178113, 178114, 178115, 178116, 178117, 178118, 178119, 178120, 178121, 178122, 178123, 178124, 178125, 178126, 178127, 178128, 178129, 178130, 178131, 178132, 178133, 178134, 178135, 178136, 178137, 178138, 178139, 178140, 178141, 178142, 178143, 178144, 178145, 178146, 178147, 178148, 178149, 178150, 178151, 178152, 178153, 178154, 178155, 178156, 178157, 178158, 178159, 178160, 178161, 178162, 178163, 178164, 178165, 178166, 178167, 178168, 178169, 178170, 178171, 178172, 178173, 178174, 178175, 178176, 178177, 178178, 178179, 178180, 178181, 178182, 178183, 178184, 178185, 178186, 178187, 178188, 178189, 178190, 178191, 178192
cell projection,177881, 177882, 177883, 177884, 177885, 177886, 177887, 177888, 177889, 177890, 177891, 177892, 177893, 177894, 177895, 177896, 177897, 177898, 177899, 177900, 177901, 177902, 177903, 177904, 177905, 177906, 177907, 177908, 177909, 177910, 177911, 177912, 177913, 177914, 177915, 177916, 177917, 177918, 177919, 177920, 177921, 177922, 177923, 177924, 177925, 177926, 177927, 177928, 177929, 177930, 177931, 177932, 177933, 177934, 177935, 177936, 177937, 177938, 177939, 177940, 177941, 177942, 177943, 177944, 177945, 177946, 177947, 177948, 177949, 177950, 177951, 177952, 177953, 177954, 177955, 177956, 177957, 177958, 177959, 177960, 177961, 177962, 177963, 177964, 177965, 177966, 177967, 177968, 177969, 177970, 177971, 177972, 177973, 177974, 177975, 177976, 177977, 177978, 177979, 177980, 177981, 177982, 177983, 177984, 177985, 177986, 177987, 177988, 177989, 177990, 177991, 177992, 177993, 177994, 177995, 177996, 177997, 177998, 177999, 178000, 178001, 178002, 178003, 178004, 178005, 178006, 178007, 178008, 178009, 178010, 178011, 178012, 178013, 178014, 178015, 178016, 178017, 178018, 178019, 178020, 178021, 178022, 178023, 178024, 178025, 178026, 178027, 178028, 178029, 178030, 178031, 178032, 178033, 178034, 178035, 178036, 178037, 178038, 178039, 178040, 178041, 178042, 178043, 178044, 178045, 178046, 178047, 178048, 178049, 178050, 178051, 178052, 178053, 178054, 178055, 178056, 178057, 178058, 178059, 178060, 178061, 178062, 178063, 178064, 178065, 178066, 178067, 178068
mitochondrial part,186965, 186966, 186967, 186968, 186969, 186970, 186971, 186972, 186973, 186974, 186975, 186976, 186977, 186978, 186979, 186980, 186981, 186982, 186983, 186984, 186985, 186986, 186987, 186988, 186989, 186990, 186991, 186992, 186993, 186994, 186995, 186996, 186997, 186998, 186999, 187000, 187001, 187002, 187003, 187004, 187005, 187006, 187007, 187008, 187009, 187010, 187011, 187012, 187013, 187014, 187015, 187016, 187017, 187018, 187019, 187020, 187021, 187022, 187023, 187024, 187025, 187026, 187027, 187028, 187029, 187030, 187031, 187032, 187033, 187034, 187035, 187036, 187037, 187038, 187039, 187040, 187041, 187042, 187043, 187044, 187045, 187046, 187047, 187048, 187049, 187050, 187051, 187052, 187053, 187054, 187055, 187056, 187057, 187058, 187059, 187060, 187061, 187062, 187063, 187064, 187065, 187066, 187067, 187068, 187069, 187070, 187071, 187072, 187073, 187074, 187075, 187076, 187077, 187078, 187079, 187080, 187081, 187082, 187083, 187084, 187085, 187086, 187087, 187088, 187089, 187090, 187091, 187092, 187093, 187094, 187095, 187096, 187097, 187098, 187099, 187100, 187101, 187102, 187103, 187104, 187105, 187106, 187107, 187108, 187109, 187110, 187111, 187112, 187113, 187114, 187115, 187116, 187117, 187118, 187119, 187120, 187121, 187122, 187123, 187124, 187125, 187126, 187127, 187128, 187129, 187130, 187131, 187132, 187133, 187134, 187135, 187136, 187137, 187138, 187139, 187140, 187141, 187142, 187143, 187144, 187145, 187146, 187147, 187148, 187149, 187150, 187151, 187152, 187153, 187154, 187155, 187156, 187157, 187158, 187159, 187160, 187161, 187162, 187163, 187164, 187165, 187166, 187167, 187168, 187169, 187170, 187171, 187172, 187173, 187174, 187175, 187176, 187177, 187178, 187179, 187180, 187181, 187182, 187183, 187184, 187185, 187186, 187187, 187188, 187189, 187190, 187191, 187192, 187193, 187194, 187195, 187196, 187197, 187198, 187199, 187200, 187201, 187202, 187203, 187204, 187205, 187206, 187207, 187208, 187209, 187210, 187211, 187212, 187213, 187214, 187215, 187216, 187217, 187218, 187219, 187220, 187221, 187222, 187223, 187224, 187225, 187226, 187227, 187228, 187229, 187230, 187231, 187232, 187233, 187234, 187235, 187236, 187237, 187238, 187239, 187240, 187241, 187242, 187243, 187244, 187245, 187246, 187247, 187248, 187249, 187250, 187251, 187252, 187253, 187254, 187255, 187256, 187257, 187258, 187259, 187260, 187261, 187262, 187263, 187264, 187265, 187266, 187267, 187268, 187269, 187270, 187271, 187272, 187273, 187274, 187275, 187276, 187277, 187278, 187279, 187280, 187281, 187282, 187283, 187284, 187285, 187286, 187287, 187288, 187289, 187290, 187291, 187292, 187293, 187294, 187295, 187296, 187297, 187298, 187299, 187300, 187301, 187302, 187303, 187304, 187305, 187306, 187307, 187308, 187309, 187310, 187311, 187312, 187313, 187314, 187315, 187316, 187317, 187318, 187319, 187320, 187321, 187322, 187323, 187324, 187325, 187326, 187327, 187328, 187329, 187330, 187331, 187332, 187333, 187334, 187335, 187336, 187337, 187338, 187339, 187340, 187341, 187342, 187343, 187344, 187345, 187346, 187347, 187348, 187349, 187350, 187351, 187352, 187353, 187354, 187355, 187356, 187357, 187358, 187359, 187360, 187361, 187362, 187363, 187364, 187365, 187366, 187367, 187368, 187369, 187370, 187371, 187372, 187373, 187374, 187375, 187376, 187377, 187378, 187379, 187380, 187381, 187382, 187383, 187384, 187385, 187386, 187387, 187388, 187389, 187390, 187391, 187392, 187393, 187394, 187395, 187396, 187397, 187398, 187399, 187400, 187401, 187402, 187403, 187404, 187405, 187406, 187407, 187408, 187409, 187410, 187411, 187412, 187413, 187414, 187415, 187416
cell body,183905, 183906, 183907, 183908, 183909, 183910, 183911, 183912, 183913, 183914, 183915, 183916, 183917, 183918, 183919, 183920, 183921, 183922, 183923, 183924, 183925, 183926, 183927, 183928, 183929, 183930, 183931, 183932, 183933, 183934, 183935, 183936, 183937, 183938, 183939, 183940, 183941, 183942, 183943, 183944, 183945, 183946, 183947, 183948, 183949, 183950, 183951, 183952, 183953, 183954, 183955, 183956, 183957, 183958, 183959, 183960, 183961, 183962, 183963, 183964, 183965, 183966, 183967, 183968, 183969, 183970, 183971, 183972, 183973, 183974, 183975, 183976, 183977, 183978, 183979, 183980, 183981, 183982, 183983, 183984, 183985, 183986, 183987, 183988, 183989, 183990, 183991, 183992
mitochondrial matrix,165278, 165279, 165280, 165281, 165282, 165283, 165284, 165285, 165286, 165287, 165288, 165289, 165290, 165291, 165292, 165293, 165294, 165295, 165296, 165297, 165298, 165299, 165300, 165301, 165302, 165303, 165304, 165305, 165306, 165307, 165308, 165309, 165310, 165311, 165312, 165313, 165314, 165315, 165316, 165317, 165318, 165319, 165320, 165321, 165322, 165323, 165324, 165325, 165326, 165327, 165328, 165329, 165330, 165331, 165332, 165333, 165334, 165335, 165336, 165337, 165338, 165339, 165340, 165341, 165342, 165343, 165344, 165345, 165346, 165347, 165348, 165349, 165350, 165351, 165352, 165353, 165354, 165355, 165356, 165357, 165358, 165359, 165360, 165361, 165362, 165363, 165364, 165365, 165366, 165367, 165368, 165369, 165370, 165371, 165372, 165373, 165374, 165375, 165376, 165377, 165378, 165379, 165380, 165381, 165382, 165383, 165384, 165385, 165386, 165387, 165388, 165389, 165390, 165391, 165392, 165393, 165394, 165395, 165396, 165397, 165398, 165399, 165400, 165401, 165402, 165403, 165404, 165405, 165406, 165407, 165408, 165409, 165410, 165411, 165412, 165413, 165414, 165415, 165416, 165417, 165418, 165419, 165420, 165421, 165422, 165423, 165424, 165425, 165426, 165427, 165428, 165429, 165430, 165431, 165432, 165433, 165434, 165435, 165436, 165437, 165438, 165439, 165440, 165441, 165442, 165443, 165444, 165445, 165446, 165447, 165448, 165449, 165450, 165451, 165452, 165453, 165454, 165455, 165456, 165457, 165458, 165459, 165460, 165461, 165462, 165463, 165464, 165465, 165466, 165467, 165468, 165469, 165470, 165471, 165472, 165473, 165474, 165475, 165476, 165477, 165478, 165479, 165480, 165481, 165482, 165483, 165484, 165485, 165486, 165487, 165488, 165489, 165490, 165491, 165492, 165493, 165494, 165495, 165496, 165497, 165498, 165499, 165500, 165501, 165502, 165503, 165504, 165505, 165506, 165507, 165508, 165509, 165510, 165511, 165512, 165513, 165514, 165515, 165516, 165517, 165518, 165519, 165520, 165521, 165522, 165523, 165524, 165525, 165526, 165527, 165528, 165529, 165530, 165531, 165532, 165533, 165534, 165535, 165536, 165537, 165538, 165539, 165540, 165541, 165542, 165543, 165544, 165545, 165546, 165547, 165548, 165549, 165550, 165551, 165552, 165553
hydrolase activity acting on carbon-nitrogen (but not peptide) bonds,213706, 213707, 213708, 213709, 213710, 213711, 213712, 213713, 213714, 213715, 213716, 213717, 213718, 213719, 213720, 213721, 213722, 213723, 213724, 213725, 213726, 213727, 213728, 213729, 213730, 213731, 213732, 213733, 213734, 213735, 213736, 213737, 213738, 213739, 213740, 213741, 213742, 213743, 213744, 213745, 213746, 213747, 213748, 213749, 213750, 213751, 213752, 213753, 213754, 213755, 213756, 213757, 213758, 213759, 213760, 213761, 213762, 213763, 213764, 213765, 213766, 213767, 213768, 213769, 213770, 213771, 213772, 213773, 213774, 213775, 213776, 213777, 213778, 213779, 213780, 213781, 213782, 213783, 213784, 213785, 213786, 213787, 213788, 213789, 213790, 213791, 213792, 213793, 213794, 213795
glutamate binding,208285, 208286, 208287, 208288, 208289
digestive tract development,123048, 123049, 123050, 123051, 123052, 123053, 123054, 123055, 123056, 123057, 123058, 123059, 123060, 123061, 123062, 123063, 123064, 123065, 123066, 123067, 123068, 123069, 123070, 123071, 123072, 123073, 123074, 123075, 123076, 123077, 123078, 123079, 123080, 123081, 123082, 123083, 123084, 123085
ion homeostasis,129263, 129264, 129265, 129266, 129267, 129268, 129269, 129270, 129271, 129272, 129273, 129274, 129275, 129276, 129277, 129278, 129279, 129280, 129281, 129282, 129283, 129284, 129285, 129286, 129287, 129288, 129289, 129290, 129291, 129292, 129293, 129294, 129295, 129296, 129297, 129298, 129299, 129300, 129301, 129302, 129303, 129304, 129305, 129306, 129307, 129308, 129309, 129310, 129311, 129312, 129313, 129314, 129315, 129316, 129317, 129318, 129319, 129320, 129321, 129322, 129323, 129324, 129325, 129326, 129327, 129328, 129329, 129330, 129331, 129332, 129333, 129334, 129335, 129336, 129337, 129338, 129339, 129340, 129341, 129342, 129343, 129344, 129345, 129346, 129347, 129348, 129349, 129350, 129351, 129352, 129353, 129354, 129355, 129356, 129357, 129358, 129359, 129360, 129361, 129362, 129363
regulation of system process,101464, 101465, 101466, 101467, 101468, 101469, 101470, 101471, 101472, 101473, 101474, 101475, 101476, 101477, 101478, 101479, 101480, 101481, 101482, 101483, 101484, 101485, 101486, 101487, 101488, 101489, 101490, 101491, 101492, 101493, 101494, 101495, 101496, 101497, 101498, 101499, 101500, 101501, 101502, 101503, 101504, 101505, 101506, 101507, 101508, 101509, 101510, 101511, 101512, 101513, 101514, 101515, 101516, 101517, 101518, 101519, 101520, 101521, 101522, 101523, 101524, 101525, 101526, 101527, 101528, 101529, 101530, 101531, 101532, 101533, 101534, 101535, 101536, 101537, 101538, 101539, 101540
amide biosynthetic process,100880, 100881, 100882, 100883, 100884, 100885, 100886, 100887, 100888, 100889, 100890, 100891, 100892
cellular amide metabolic process,100839, 100840, 100841, 100842, 100843, 100844, 100845, 100846, 100847, 100848, 100849, 100850, 100851, 100852, 100853, 100854, 100855, 100856, 100857, 100858, 100859, 100860, 100861, 100862, 100863, 100864, 100865, 100866, 100867, 100868, 100869, 100870, 100871, 100872, 100873, 100874, 100875, 100876, 100877, 100878, 100879
cellular nitrogen compound biosynthetic process,108238, 108239, 108240, 108241, 108242, 108243, 108244, 108245, 108246, 108247, 108248, 108249, 108250, 108251, 108252, 108253, 108254, 108255, 108256, 108257, 108258, 108259, 108260, 108261, 108262, 108263, 108264, 108265, 108266, 108267, 108268, 108269, 108270, 108271, 108272, 108273, 108274, 108275, 108276, 108277, 108278, 108279, 108280, 108281, 108282, 108283, 108284, 108285, 108286, 108287, 108288, 108289, 108290, 108291, 108292, 108293, 108294, 108295, 108296, 108297, 108298, 108299, 108300, 108301, 108302, 108303, 108304, 108305, 108306, 108307, 108308, 108309, 108310, 108311, 108312, 108313, 108314, 108315, 108316, 108317, 108318, 108319, 108320, 108321, 108322, 108323, 108324, 108325, 108326, 108327, 108328, 108329, 108330, 108331, 108332, 108333, 108334, 108335, 108336, 108337, 108338, 108339, 108340, 108341, 108342, 108343, 108344, 108345, 108346, 108347, 108348, 108349, 108350, 108351, 108352, 108353, 108354, 108355, 108356, 108357, 108358, 108359, 108360, 108361, 108362, 108363, 108364, 108365, 108366, 108367, 108368, 108369, 108370, 108371, 108372, 108373, 108374, 108375, 108376, 108377, 108378, 108379, 108380, 108381, 108382, 108383, 108384, 108385, 108386, 108387, 108388, 108389, 108390, 108391, 108392, 108393, 108394, 108395, 108396, 108397, 108398, 108399, 108400, 108401, 108402, 108403, 108404, 108405, 108406, 108407, 108408, 108409, 108410, 108411, 108412, 108413, 108414, 108415, 108416, 108417, 108418, 108419, 108420, 108421, 108422, 108423, 108424, 108425, 108426, 108427, 108428, 108429, 108430, 108431, 108432, 108433, 108434, 108435, 108436, 108437, 108438, 108439, 108440, 108441, 108442, 108443, 108444, 108445, 108446, 108447, 108448, 108449, 108450, 108451, 108452, 108453, 108454, 108455, 108456, 108457, 108458, 108459, 108460, 108461, 108462, 108463, 108464, 108465, 108466, 108467, 108468, 108469, 108470, 108471, 108472, 108473, 108474, 108475, 108476, 108477, 108478, 108479, 108480, 108481, 108482, 108483, 108484, 108485, 108486, 108487, 108488, 108489, 108490, 108491, 108492, 108493, 108494, 108495, 108496, 108497, 108498, 108499, 108500, 108501, 108502, 108503, 108504, 108505, 108506, 108507, 108508, 108509, 108510, 108511, 108512, 108513, 108514, 108515, 108516, 108517, 108518, 108519, 108520, 108521, 108522, 108523, 108524, 108525, 108526, 108527, 108528, 108529, 108530, 108531, 108532, 108533, 108534, 108535, 108536, 108537, 108538, 108539, 108540, 108541, 108542, 108543, 108544, 108545, 108546, 108547, 108548, 108549, 108550, 108551, 108552, 108553, 108554, 108555, 108556, 108557, 108558, 108559
innate immune response,111118, 111119, 111120, 111121, 111122, 111123, 111124, 111125, 111126, 111127, 111128, 111129, 111130, 111131, 111132, 111133, 111134, 111135, 111136, 111137, 111138, 111139, 111140, 111141, 111142, 111143, 111144, 111145, 111146, 111147, 111148, 111149, 111150, 111151, 111152, 111153, 111154
positive regulation of vasodilation,113050, 113051, 113052, 113053, 113054, 113055, 113056, 113057, 113058, 113059, 113060, 113061, 113062, 113063, 113064, 113065, 113066
carboxylic acid catabolic process,115820, 115821, 115822, 115823, 115824, 115825, 115826, 115827, 115828, 115829, 115830, 115831, 115832, 115833, 115834, 115835, 115836, 115837, 115838, 115839, 115840, 115841, 115842, 115843, 115844, 115845, 115846, 115847, 115848, 115849, 115850, 115851, 115852, 115853, 115854, 115855, 115856, 115857, 115858, 115859, 115860, 115861, 115862, 115863, 115864, 115865, 115866, 115867, 115868, 115869, 115870, 115871, 115872, 115873, 115874, 115875, 115876, 115877, 115878, 115879, 115880, 115881, 115882, 115883, 115884, 115885, 115886, 115887, 115888, 115889, 115890, 115891, 115892, 115893, 115894, 115895, 115896, 115897, 115898, 115899, 115900, 115901, 115902, 115903, 115904, 115905, 115906, 115907, 115908, 115909, 115910, 115911, 115912, 115913, 115914, 115915, 115916, 115917, 115918, 115919, 115920, 115921, 115922, 115923, 115924, 115925, 115926, 115927, 115928, 115929, 115930, 115931, 115932, 115933, 115934, 115935, 115936, 115937, 115938, 115939, 115940, 115941, 115942, 115943, 115944, 115945, 115946, 115947, 115948, 115949, 115950, 115951, 115952, 115953, 115954, 115955, 115956, 115957, 115958, 115959, 115960, 115961, 115962, 115963, 115964, 115965, 115966, 115967, 115968, 115969, 115970, 115971, 115972, 115973, 115974, 115975, 115976, 115977, 115978, 115979, 115980, 115981, 115982, 115983, 115984, 115985, 115986, 115987, 115988, 115989, 115990, 115991, 115992, 115993, 115994, 115995, 115996, 115997, 115998, 115999, 116000, 116001, 116002, 116003, 116004, 116005, 116006, 116007, 116008, 116009, 116010, 116011, 116012, 116013, 116014, 116015, 116016, 116017, 116018, 116019, 116020, 116021, 116022, 116023, 116024, 116025, 116026, 116027, 116028, 116029, 116030, 116031, 116032, 116033, 116034, 116035, 116036, 116037, 116038, 116039, 116040, 116041, 116042, 116043, 116044, 116045, 116046, 116047, 116048, 116049, 116050, 116051, 116052, 116053, 116054, 116055, 116056, 116057, 116058, 116059, 116060, 116061, 116062, 116063, 116064, 116065, 116066, 116067, 116068, 116069, 116070, 116071, 116072, 116073, 116074, 116075, 116076, 116077, 116078, 116079, 116080, 116081, 116082, 116083, 116084, 116085, 116086, 116087, 116088, 116089, 116090, 116091, 116092, 116093, 116094, 116095, 116096, 116097, 116098, 116099, 116100, 116101, 116102, 116103, 116104, 116105, 116106, 116107, 116108, 116109, 116110, 116111, 116112, 116113, 116114, 116115, 116116, 116117, 116118, 116119, 116120, 116121, 116122, 116123, 116124, 116125, 116126, 116127, 116128, 116129, 116130, 116131, 116132, 116133, 116134, 116135, 116136, 116137
nitric oxide metabolic process,114941, 114942, 114943, 114944, 114945, 114946, 114947, 114948, 114949, 114950, 114951, 114952, 114953, 114954, 114955, 114956, 114957, 114958, 114959, 114960, 114961, 114962, 114963, 114964, 114965, 114966, 114967, 114968, 114969, 114970, 114971, 114972, 114973, 114974, 114975, 114976, 114977, 114978, 114979, 114980, 114981, 114982, 114983, 114984, 114985, 114986, 114987, 114988, 114989
macromolecular complex assembly,143137, 143138, 143139, 143140, 143141, 143142, 143143, 143144, 143145, 143146, 143147, 143148, 143149, 143150, 143151, 143152, 143153, 143154, 143155, 143156, 143157, 143158, 143159, 143160, 143161, 143162, 143163, 143164, 143165, 143166, 143167, 143168, 143169, 143170, 143171, 143172, 143173, 143174, 143175, 143176, 143177, 143178, 143179, 143180, 143181, 143182, 143183, 143184, 143185, 143186, 143187, 143188, 143189, 143190, 143191, 143192, 143193, 143194, 143195, 143196, 143197, 143198, 143199, 143200, 143201, 143202, 143203, 143204, 143205, 143206, 143207, 143208, 143209, 143210, 143211, 143212, 143213, 143214, 143215, 143216, 143217, 143218, 143219, 143220, 143221, 143222, 143223, 143224, 143225, 143226, 143227, 143228, 143229, 143230, 143231, 143232, 143233, 143234, 143235, 143236, 143237, 143238, 143239, 143240, 143241, 143242, 143243, 143244, 143245, 143246, 143247, 143248, 143249, 143250, 143251, 143252, 143253, 143254, 143255, 143256, 143257, 143258, 143259, 143260, 143261, 143262, 143263, 143264, 143265, 143266, 143267, 143268, 143269, 143270, 143271, 143272, 143273, 143274, 143275, 143276, 143277, 143278, 143279, 143280, 143281, 143282, 143283, 143284, 143285, 143286, 143287, 143288, 143289, 143290, 143291, 143292, 143293, 143294, 143295, 143296, 143297, 143298, 143299, 143300, 143301, 143302, 143303, 143304, 143305, 143306, 143307, 143308, 143309, 143310, 143311, 143312, 143313, 143314, 143315, 143316, 143317, 143318, 143319, 143320, 143321, 143322, 143323, 143324, 143325, 143326, 143327, 143328, 143329, 143330, 143331, 143332, 143333, 143334, 143335, 143336, 143337, 143338, 143339, 143340, 143341, 143342
hepaticobiliary system development,142700, 142701, 142702, 142703, 142704, 142705, 142706, 142707, 142708, 142709, 142710, 142711, 142712, 142713, 142714, 142715, 142716, 142717, 142718, 142719, 142720, 142721, 142722, 142723, 142724, 142725, 142726, 142727, 142728, 142729, 142730, 142731, 142732, 142733, 142734, 142735, 142736, 142737, 142738, 142739, 142740, 142741, 142742, 142743, 142744, 142745, 142746, 142747, 142748, 142749, 142750, 142751, 142752, 142753, 142754, 142755, 142756, 142757, 142758, 142759, 142760, 142761, 142762, 142763, 142764, 142765, 142766, 142767, 142768, 142769, 142770, 142771, 142772, 142773, 142774, 142775, 142776, 142777, 142778, 142779, 142780, 142781, 142782, 142783, 142784, 142785, 142786, 142787, 142788, 142789, 142790, 142791, 142792, 142793, 142794, 142795, 142796, 142797, 142798, 142799, 142800, 142801, 142802, 142803, 142804, 142805, 142806, 142807, 142808, 142809, 142810, 142811, 142812, 142813, 142814, 142815, 142816, 142817, 142818, 142819, 142820, 142821, 142822
protein complex biogenesis,145309, 145310, 145311, 145312, 145313, 145314, 145315, 145316, 145317, 145318, 145319, 145320, 145321, 145322, 145323, 145324, 145325, 145326, 145327, 145328, 145329, 145330, 145331, 145332, 145333, 145334, 145335, 145336, 145337, 145338, 145339, 145340, 145341, 145342, 145343, 145344, 145345, 145346, 145347, 145348, 145349, 145350, 145351, 145352, 145353, 145354, 145355, 145356, 145357, 145358, 145359, 145360, 145361, 145362, 145363, 145364, 145365, 145366, 145367, 145368, 145369, 145370, 145371, 145372, 145373, 145374, 145375, 145376, 145377, 145378, 145379, 145380, 145381, 145382, 145383, 145384, 145385, 145386, 145387, 145388, 145389, 145390, 145391, 145392, 145393, 145394, 145395, 145396, 145397, 145398, 145399, 145400, 145401, 145402, 145403, 145404, 145405, 145406, 145407, 145408, 145409, 145410, 145411, 145412, 145413, 145414, 145415, 145416, 145417, 145418, 145419, 145420, 145421, 145422, 145423, 145424, 145425, 145426, 145427, 145428, 145429, 145430, 145431, 145432, 145433, 145434, 145435, 145436, 145437, 145438, 145439, 145440, 145441, 145442, 145443, 145444, 145445, 145446, 145447, 145448, 145449, 145450, 145451, 145452, 145453, 145454, 145455, 145456, 145457, 145458, 145459, 145460, 145461, 145462, 145463, 145464, 145465, 145466, 145467, 145468, 145469, 145470, 145471, 145472, 145473, 145474, 145475, 145476, 145477, 145478, 145479, 145480, 145481, 145482, 145483, 145484, 145485, 145486, 145487, 145488, 145489, 145490, 145491, 145492, 145493, 145494, 145495, 145496, 145497, 145498, 145499, 145500, 145501, 145502, 145503, 145504, 145505, 145506
protein homotrimerization,145186, 145187, 145188, 145189, 145190, 145191, 145192, 145193, 145194, 145195, 145196, 145197, 145198, 145199, 145200, 145201, 145202, 145203, 145204, 145205, 145206, 145207, 145208, 145209, 145210, 145211, 145212, 145213, 145214, 145215, 145216, 145217, 145218, 145219, 145220, 145221, 145222, 145223, 145224, 145225, 145226, 145227
protein trimerization,145144, 145145, 145146, 145147, 145148, 145149, 145150, 145151, 145152, 145153, 145154, 145155, 145156, 145157, 145158, 145159, 145160, 145161, 145162, 145163, 145164, 145165, 145166, 145167, 145168, 145169, 145170, 145171, 145172, 145173, 145174, 145175, 145176, 145177, 145178, 145179, 145180, 145181, 145182, 145183, 145184, 145185
response to fatty acid,145887, 145888, 145889, 145890, 145891, 145892, 145893, 145894, 145895, 145896, 145897, 145898, 145899, 145900, 145901
cellular response to cytokine stimulus,148149, 148150, 148151, 148152, 148153, 148154, 148155, 148156, 148157, 148158, 148159, 148160, 148161, 148162, 148163, 148164, 148165, 148166, 148167, 148168, 148169, 148170, 148171, 148172, 148173, 148174, 148175, 148176, 148177, 148178, 148179, 148180, 148181, 148182, 148183, 148184, 148185, 148186, 148187, 148188, 148189, 148190, 148191, 148192, 148193, 148194, 148195, 148196, 148197, 148198, 148199, 148200, 148201, 148202, 148203, 148204, 148205, 148206, 148207, 148208, 148209, 148210, 148211, 148212, 148213, 148214, 148215, 148216, 148217, 148218, 148219, 148220, 148221, 148222, 148223, 148224
cellular response to lipopolysaccharide,147355, 147356, 147357, 147358, 147359, 147360, 147361, 147362, 147363, 147364, 147365, 147366, 147367, 147368, 147369, 147370, 147371, 147372, 147373, 147374, 147375, 147376, 147377, 147378, 147379, 147380, 147381, 147382, 147383, 147384, 147385, 147386, 147387, 147388, 147389, 147390, 147391, 147392, 147393, 147394, 147395, 147396, 147397, 147398, 147399, 147400, 147401, 147402, 147403, 147404, 147405, 147406, 147407, 147408, 147409, 147410, 147411, 147412, 147413
cellular response to molecule of bacterial origin,147296, 147297, 147298, 147299, 147300, 147301, 147302, 147303, 147304, 147305, 147306, 147307, 147308, 147309, 147310, 147311, 147312, 147313, 147314, 147315, 147316, 147317, 147318, 147319, 147320, 147321, 147322, 147323, 147324, 147325, 147326, 147327, 147328, 147329, 147330, 147331, 147332, 147333, 147334, 147335, 147336, 147337, 147338, 147339, 147340, 147341, 147342, 147343, 147344, 147345, 147346, 147347, 147348, 147349, 147350, 147351, 147352, 147353, 147354
cellular response to biotic stimulus,147225, 147226, 147227, 147228, 147229, 147230, 147231, 147232, 147233, 147234, 147235, 147236, 147237, 147238, 147239, 147240, 147241, 147242, 147243, 147244, 147245, 147246, 147247, 147248, 147249, 147250, 147251, 147252, 147253, 147254, 147255, 147256, 147257, 147258, 147259, 147260, 147261, 147262, 147263, 147264, 147265, 147266, 147267, 147268, 147269, 147270, 147271, 147272, 147273, 147274, 147275, 147276, 147277, 147278, 147279, 147280, 147281, 147282, 147283, 147284, 147285, 147286, 147287, 147288, 147289
cellular response to endogenous stimulus,149469, 149470, 149471, 149472, 149473, 149474, 149475, 149476, 149477, 149478, 149479, 149480, 149481, 149482, 149483, 149484, 149485, 149486, 149487, 149488, 149489, 149490, 149491, 149492, 149493, 149494, 149495, 149496, 149497, 149498, 149499, 149500, 149501, 149502, 149503, 149504, 149505, 149506, 149507, 149508, 149509, 149510, 149511, 149512, 149513, 149514, 149515, 149516, 149517, 149518, 149519, 149520, 149521, 149522, 149523, 149524, 149525, 149526, 149527, 149528, 149529, 149530, 149531, 149532, 149533, 149534, 149535, 149536, 149537, 149538, 149539, 149540, 149541, 149542, 149543, 149544, 149545, 149546, 149547, 149548, 149549, 149550, 149551, 149552, 149553, 149554, 149555, 149556, 149557, 149558, 149559, 149560, 149561, 149562, 149563, 149564, 149565, 149566, 149567, 149568, 149569, 149570, 149571, 149572, 149573, 149574, 149575, 149576, 149577, 149578, 149579, 149580, 149581, 149582, 149583, 149584, 149585, 149586, 149587, 149588, 149589, 149590, 149591, 149592, 149593, 149594, 149595, 149596, 149597, 149598, 149599, 149600, 149601, 149602, 149603, 149604, 149605, 149606, 149607, 149608, 149609, 149610, 149611, 149612, 149613, 149614, 149615, 149616, 149617, 149618, 149619, 149620, 149621, 149622, 149623, 149624, 149625, 149626, 149627, 149628, 149629, 149630, 149631, 149632, 149633, 149634, 149635, 149636, 149637, 149638, 149639, 149640, 149641, 149642, 149643, 149644, 149645, 149646, 149647, 149648, 149649, 149650, 149651, 149652, 149653, 149654, 149655, 149656, 149657, 149658, 149659, 149660, 149661, 149662, 149663, 149664, 149665, 149666, 149667, 149668, 149669, 149670, 149671, 149672, 149673, 149674, 149675, 149676, 149677, 149678, 149679, 149680, 149681
cellular response to oleic acid,148971, 148972, 148973, 148974, 148975, 148976, 148977
cellular response to fatty acid,148961, 148962, 148963, 148964, 148965, 148966, 148967, 148968, 148969, 148970
cellular response to glucagon stimulus,148618, 148619, 148620, 148621, 148622, 148623, 148624, 148625, 148626
cellular response to peptide hormone stimulus,148498, 148499, 148500, 148501, 148502, 148503, 148504, 148505, 148506, 148507, 148508, 148509, 148510, 148511, 148512, 148513, 148514, 148515, 148516, 148517, 148518, 148519, 148520, 148521, 148522, 148523, 148524, 148525, 148526, 148527, 148528, 148529, 148530, 148531, 148532, 148533, 148534, 148535, 148536, 148537, 148538, 148539, 148540, 148541, 148542, 148543, 148544, 148545, 148546, 148547, 148548, 148549, 148550, 148551, 148552, 148553, 148554, 148555, 148556, 148557, 148558, 148559, 148560, 148561, 148562, 148563, 148564, 148565, 148566, 148567, 148568, 148569, 148570, 148571, 148572, 148573, 148574, 148575, 148576, 148577, 148578, 148579, 148580, 148581, 148582, 148583, 148584, 148585, 148586, 148587, 148588, 148589, 148590, 148591, 148592, 148593, 148594, 148595, 148596, 148597, 148598, 148599, 148600, 148601, 148602, 148603, 148604, 148605, 148606, 148607, 148608, 148609, 148610, 148611, 148612, 148613, 148614, 148615, 148616, 148617
cellular response to interferon-gamma,148225, 148226, 148227, 148228, 148229, 148230, 148231, 148232
protein complex subunit organization,150760, 150761, 150762, 150763, 150764, 150765, 150766, 150767, 150768, 150769, 150770, 150771, 150772, 150773, 150774, 150775, 150776, 150777, 150778, 150779, 150780, 150781, 150782, 150783, 150784, 150785, 150786, 150787, 150788, 150789, 150790, 150791, 150792, 150793, 150794, 150795, 150796, 150797, 150798, 150799, 150800, 150801, 150802, 150803, 150804, 150805, 150806, 150807, 150808, 150809, 150810, 150811, 150812, 150813, 150814, 150815, 150816, 150817, 150818, 150819, 150820, 150821, 150822, 150823, 150824, 150825, 150826, 150827, 150828, 150829, 150830, 150831, 150832, 150833, 150834, 150835, 150836, 150837, 150838, 150839, 150840, 150841, 150842, 150843, 150844, 150845, 150846, 150847, 150848, 150849, 150850, 150851, 150852, 150853, 150854, 150855, 150856, 150857, 150858, 150859, 150860, 150861, 150862, 150863, 150864, 150865, 150866, 150867, 150868, 150869, 150870, 150871, 150872, 150873, 150874, 150875, 150876, 150877, 150878, 150879, 150880, 150881, 150882, 150883, 150884, 150885, 150886, 150887, 150888, 150889, 150890, 150891, 150892, 150893, 150894, 150895, 150896, 150897, 150898, 150899, 150900, 150901, 150902, 150903, 150904, 150905, 150906, 150907, 150908, 150909, 150910, 150911, 150912, 150913, 150914, 150915, 150916, 150917, 150918, 150919, 150920, 150921, 150922, 150923, 150924, 150925, 150926, 150927, 150928, 150929, 150930, 150931, 150932, 150933, 150934, 150935, 150936, 150937, 150938, 150939, 150940, 150941, 150942, 150943, 150944, 150945, 150946, 150947, 150948, 150949, 150950, 150951, 150952, 150953, 150954, 150955, 150956, 150957, 150958, 150959, 150960, 150961, 150962, 150963
cellular response to transforming growth factor beta stimulus,149827, 149828, 149829, 149830, 149831, 149832, 149833, 149834, 149835, 149836, 149837, 149838, 149839, 149840, 149841, 149842, 149843, 149844
response to transforming growth factor beta stimulus,149809, 149810, 149811, 149812, 149813, 149814, 149815, 149816, 149817, 149818, 149819, 149820, 149821, 149822, 149823, 149824, 149825, 149826
cellular response to dexamethasone stimulus,149798, 149799, 149800, 149801, 149802, 149803, 149804, 149805, 149806, 149807, 149808
response to dexamethasone stimulus,149785, 149786, 149787, 149788, 149789, 149790, 149791, 149792, 149793, 149794, 149795, 149796, 149797
nitrogen cycle metabolic process,152009, 152010, 152011, 152012, 152013, 152014, 152015, 152016, 152017, 152018, 152019, 152020, 152021, 152022, 152023, 152024, 152025, 152026, 152027, 152028, 152029, 152030, 152031, 152032, 152033, 152034, 152035
regulation of blood vessel size,130111, 130112, 130113, 130114, 130115, 130116, 130117, 130118, 130119, 130120, 130121, 130122, 130123, 130124, 130125, 130126, 130127, 130128, 130129, 130130, 130131, 130132, 130133, 130134, 130135, 130136, 130137, 130138, 130139, 130140, 130141, 130142, 130143, 130144, 130145, 130146, 130147, 130148, 130149, 130150, 130151, 130152, 130153, 130154, 130155, 130156, 130157, 130158, 130159
protein homooligomerization,135529, 135530, 135531, 135532, 135533, 135534, 135535, 135536, 135537, 135538, 135539, 135540, 135541, 135542, 135543, 135544, 135545, 135546, 135547, 135548, 135549, 135550, 135551, 135552, 135553, 135554, 135555, 135556, 135557, 135558, 135559, 135560, 135561, 135562, 135563, 135564, 135565, 135566, 135567, 135568, 135569, 135570, 135571, 135572, 135573, 135574, 135575, 135576, 135577, 135578, 135579, 135580, 135581, 135582, 135583, 135584, 135585, 135586, 135587, 135588, 135589, 135590, 135591, 135592, 135593, 135594, 135595, 135596, 135597, 135598, 135599, 135600, 135601, 135602, 135603, 135604, 135605, 135606, 135607, 135608, 135609, 135610, 135611, 135612, 135613, 135614, 135615, 135616, 135617, 135618, 135619, 135620, 135621, 135622, 135623, 135624, 135625, 135626, 135627, 135628, 135629, 135630, 135631, 135632, 135633, 135634, 135635, 135636, 135637, 135638, 135639, 135640, 135641, 135642, 135643, 135644, 135645, 135646, 135647, 135648, 135649, 135650, 135651, 135652, 135653, 135654, 135655, 135656, 135657, 135658, 135659, 135660, 135661, 135662, 135663, 135664, 135665, 135666, 135667, 135668, 135669, 135670
response to cortisol stimulus,137024, 137025, 137026, 137027, 137028, 137029, 137030, 137031, 137032, 137033, 137034
mammary gland involution,141292, 141293, 141294, 141295, 141296
digestive system development,141140, 141141, 141142, 141143, 141144, 141145, 141146, 141147, 141148, 141149, 141150, 141151, 141152, 141153, 141154, 141155, 141156, 141157, 141158, 141159, 141160, 141161, 141162, 141163, 141164, 141165, 141166, 141167, 141168, 141169, 141170, 141171, 141172, 141173, 141174, 141175, 141176, 141177
anion homeostasis,140057, 140058, 140059, 140060, 140061, 140062, 140063, 140064, 140065, 140066, 140067, 140068, 140069, 140070, 140071
respiratory system development,142224, 142225, 142226, 142227, 142228, 142229, 142230, 142231, 142232, 142233, 142234, 142235, 142236, 142237, 142238, 142239, 142240, 142241, 142242, 142243, 142244, 142245, 142246, 142247, 142248, 142249, 142250, 142251, 142252, 142253, 142254, 142255, 142256, 142257, 142258, 142259, 142260, 142261, 142262, 142263, 142264, 142265, 142266, 142267, 142268, 142269, 142270, 142271, 142272, 142273, 142274, 142275, 142276, 142277, 142278, 142279, 142280, 142281, 142282, 142283, 142284, 142285, 142286, 142287, 142288, 142289, 142290, 142291, 142292, 142293, 142294, 142295, 142296, 142297, 142298, 142299, 142300
response to growth hormone stimulus,141988, 141989, 141990, 141991, 141992, 141993, 141994, 141995, 141996, 141997, 141998, 141999, 142000
mammary gland morphogenesis,142157, 142158, 142159, 142160, 142161
response to amine stimulus,58623, 58624, 58625, 58626, 58627, 58628, 58629, 58630, 58631, 58632, 58633, 58634, 58635, 58636, 58637, 58638, 58639, 58640, 58641, 58642, 58643, 58644, 58645, 58646, 58647, 58648, 58649, 58650, 58651, 58652, 58653, 58654, 58655, 58656, 58657, 58658, 58659, 58660, 58661, 58662, 58663, 58664, 58665, 58666, 58667, 58668, 58669, 58670, 58671, 58672, 58673, 58674, 58675, 58676, 58677, 58678, 58679, 58680, 58681, 58682, 58683, 58684, 58685, 58686, 58687, 58688, 58689, 58690, 58691, 58692, 58693, 58694, 58695, 58696, 58697, 58698, 58699, 58700, 58701, 58702, 58703, 58704, 58705, 58706, 58707, 58708, 58709, 58710, 58711, 58712, 58713, 58714, 58715, 58716, 58717, 58718, 58719
organic acid catabolic process,61221, 61222, 61223, 61224, 61225, 61226, 61227, 61228, 61229, 61230, 61231, 61232, 61233, 61234, 61235, 61236, 61237, 61238, 61239, 61240, 61241, 61242, 61243, 61244, 61245, 61246, 61247, 61248, 61249, 61250, 61251, 61252, 61253, 61254, 61255, 61256, 61257, 61258, 61259, 61260, 61261, 61262, 61263, 61264, 61265, 61266, 61267, 61268, 61269, 61270, 61271, 61272, 61273, 61274, 61275, 61276, 61277, 61278, 61279, 61280, 61281, 61282, 61283, 61284, 61285, 61286, 61287, 61288, 61289, 61290, 61291, 61292, 61293, 61294, 61295, 61296, 61297, 61298, 61299, 61300, 61301, 61302, 61303, 61304, 61305, 61306, 61307, 61308, 61309, 61310, 61311, 61312, 61313, 61314, 61315, 61316, 61317, 61318, 61319, 61320, 61321, 61322, 61323, 61324, 61325, 61326, 61327, 61328, 61329, 61330, 61331, 61332, 61333, 61334, 61335, 61336, 61337, 61338, 61339, 61340, 61341, 61342, 61343, 61344, 61345, 61346, 61347, 61348, 61349, 61350, 61351, 61352, 61353, 61354, 61355, 61356, 61357, 61358, 61359, 61360, 61361, 61362, 61363, 61364, 61365, 61366, 61367, 61368, 61369, 61370, 61371, 61372, 61373, 61374, 61375, 61376, 61377, 61378, 61379, 61380, 61381, 61382, 61383, 61384, 61385, 61386, 61387, 61388, 61389, 61390, 61391, 61392, 61393, 61394, 61395, 61396, 61397, 61398, 61399, 61400, 61401, 61402, 61403, 61404, 61405, 61406, 61407, 61408, 61409, 61410, 61411, 61412, 61413, 61414, 61415, 61416, 61417, 61418, 61419, 61420, 61421, 61422, 61423, 61424, 61425, 61426, 61427, 61428, 61429, 61430, 61431, 61432, 61433, 61434, 61435, 61436, 61437, 61438, 61439, 61440, 61441, 61442, 61443, 61444, 61445, 61446, 61447, 61448, 61449, 61450, 61451, 61452, 61453, 61454, 61455, 61456, 61457, 61458, 61459, 61460, 61461, 61462, 61463, 61464, 61465, 61466, 61467, 61468, 61469, 61470, 61471, 61472, 61473, 61474, 61475, 61476, 61477, 61478, 61479, 61480, 61481, 61482, 61483, 61484, 61485, 61486, 61487, 61488, 61489, 61490, 61491, 61492, 61493, 61494, 61495, 61496, 61497, 61498, 61499, 61500, 61501, 61502, 61503, 61504, 61505, 61506, 61507, 61508, 61509, 61510, 61511, 61512, 61513, 61514, 61515, 61516, 61517, 61518, 61519, 61520, 61521, 61522, 61523, 61524, 61525, 61526, 61527, 61528, 61529, 61530, 61531, 61532, 61533, 61534, 61535, 61536, 61537, 61538
urea metabolic process,67024, 67025, 67026, 67027, 67028, 67029, 67030, 67031, 67032, 67033, 67034, 67035, 67036, 67037, 67038, 67039, 67040, 67041, 67042, 67043, 67044, 67045, 67046, 67047, 67048, 67049, 67050
regulation of vasodilation,92458, 92459, 92460, 92461, 92462, 92463, 92464, 92465, 92466, 92467, 92468, 92469, 92470, 92471, 92472, 92473, 92474, 92475, 92476
response to amino acid stimulus,98338, 98339, 98340, 98341, 98342, 98343, 98344, 98345, 98346, 98347, 98348, 98349, 98350, 98351, 98352, 98353, 98354, 98355, 98356, 98357, 98358, 98359, 98360, 98361, 98362, 98363, 98364, 98365, 98366, 98367, 98368, 98369, 98370, 98371, 98372, 98373, 98374, 98375, 98376, 98377, 98378, 98379, 98380, 98381, 98382, 98383, 98384, 98385, 98386, 98387, 98388, 98389, 98390, 98391, 98392, 98393, 98394, 98395, 98396, 98397, 98398
response to peptide hormone stimulus,99280, 99281, 99282, 99283, 99284, 99285, 99286, 99287, 99288, 99289, 99290, 99291, 99292, 99293, 99294, 99295, 99296, 99297, 99298, 99299, 99300, 99301, 99302, 99303, 99304, 99305, 99306, 99307, 99308, 99309, 99310, 99311, 99312, 99313, 99314, 99315, 99316, 99317, 99318, 99319, 99320, 99321, 99322, 99323, 99324, 99325, 99326, 99327, 99328, 99329, 99330, 99331, 99332, 99333, 99334, 99335, 99336, 99337, 99338, 99339, 99340, 99341, 99342, 99343, 99344, 99345, 99346, 99347, 99348, 99349, 99350, 99351, 99352, 99353, 99354, 99355, 99356, 99357, 99358, 99359, 99360, 99361, 99362, 99363, 99364, 99365, 99366, 99367, 99368, 99369, 99370, 99371, 99372, 99373, 99374, 99375, 99376, 99377, 99378, 99379, 99380, 99381, 99382, 99383, 99384, 99385, 99386, 99387, 99388, 99389, 99390, 99391, 99392, 99393, 99394, 99395, 99396, 99397, 99398, 99399, 99400, 99401, 99402, 99403, 99404, 99405, 99406, 99407, 99408, 99409, 99410, 99411, 99412, 99413, 99414, 99415, 99416, 99417, 99418, 99419, 99420, 99421, 99422, 99423, 99424, 99425, 99426, 99427, 99428, 99429, 99430, 99431, 99432, 99433, 99434, 99435, 99436, 99437, 99438, 99439, 99440, 99441, 99442, 99443, 99444, 99445, 99446, 99447, 99448, 99449, 99450, 99451, 99452, 99453, 99454, 99455, 99456, 99457, 99458, 99459, 99460, 99461, 99462, 99463, 99464, 99465, 99466, 99467, 99468, 99469, 99470, 99471, 99472, 99473
response to lipopolysaccharide,78352, 78353, 78354, 78355, 78356, 78357, 78358, 78359, 78360, 78361, 78362, 78363, 78364, 78365, 78366, 78367, 78368, 78369, 78370, 78371, 78372, 78373, 78374, 78375, 78376, 78377, 78378, 78379, 78380, 78381, 78382, 78383, 78384, 78385, 78386, 78387, 78388, 78389, 78390, 78391, 78392, 78393, 78394, 78395, 78396, 78397, 78398, 78399, 78400, 78401, 78402, 78403, 78404, 78405, 78406, 78407, 78408, 78409, 78410, 78411, 78412, 78413, 78414, 78415, 78416, 78417, 78418, 78419, 78420, 78421, 78422, 78423, 78424, 78425, 78426, 78427, 78428, 78429, 78430, 78431, 78432, 78433, 78434, 78435, 78436, 78437, 78438, 78439, 78440, 78441, 78442, 78443, 78444, 78445, 78446, 78447, 78448, 78449, 78450, 78451, 78452, 78453, 78454, 78455, 78456, 78457, 78458, 78459, 78460, 78461, 78462, 78463, 78464, 78465, 78466, 78467, 78468, 78469, 78470, 78471, 78472, 78473, 78474, 78475, 78476, 78477, 78478, 78479, 78480, 78481, 78482, 78483, 78484, 78485, 78486, 78487, 78488, 78489, 78490, 78491, 78492, 78493, 78494, 78495, 78496, 78497, 78498, 78499, 78500, 78501, 78502, 78503, 78504, 78505, 78506, 78507, 78508, 78509, 78510, 78511, 78512, 78513, 78514, 78515, 78516, 78517, 78518, 78519, 78520, 78521, 78522, 78523, 78524, 78525, 78526, 78527, 78528, 78529, 78530, 78531, 78532, 78533, 78534, 78535, 78536, 78537, 78538, 78539, 78540, 78541, 78542, 78543, 78544
response to glucagon stimulus,84425, 84426, 84427, 84428, 84429, 84430, 84431, 84432, 84433, 84434, 84435, 84436, 84437, 84438, 84439, 84440, 84441, 84442
response to interferon-gamma,85138, 85139, 85140, 85141, 85142, 85143, 85144, 85145, 85146, 85147, 85148, 85149, 85150, 85151, 85152, 85153, 85154, 85155, 85156, 85157, 85158
response to oleic acid,84755, 84756, 84757, 84758, 84759, 84760, 84761, 84762, 84763
regulation of tube size,87609, 87610, 87611, 87612, 87613, 87614, 87615, 87616, 87617, 87618, 87619, 87620, 87621, 87622, 87623, 87624, 87625, 87626, 87627, 87628, 87629, 87630, 87631, 87632, 87633, 87634, 87635, 87636, 87637, 87638, 87639, 87640, 87641, 87642, 87643, 87644, 87645, 87646, 87647, 87648, 87649, 87650, 87651, 87652, 87653, 87654, 87655, 87656, 87657
protein complex assembly,12382, 12383, 12384, 12385, 12386, 12387, 12388, 12389, 12390, 12391, 12392, 12393, 12394, 12395, 12396, 12397, 12398, 12399, 12400, 12401, 12402, 12403, 12404, 12405, 12406, 12407, 12408, 12409, 12410, 12411, 12412, 12413, 12414, 12415, 12416, 12417, 12418, 12419, 12420, 12421, 12422, 12423, 12424, 12425, 12426, 12427, 12428, 12429, 12430, 12431, 12432, 12433, 12434, 12435, 12436, 12437, 12438, 12439, 12440, 12441, 12442, 12443, 12444, 12445, 12446, 12447, 12448, 12449, 12450, 12451, 12452, 12453, 12454, 12455, 12456, 12457, 12458, 12459, 12460, 12461, 12462, 12463, 12464, 12465, 12466, 12467, 12468, 12469, 12470, 12471, 12472, 12473, 12474, 12475, 12476, 12477, 12478, 12479, 12480, 12481, 12482, 12483, 12484, 12485, 12486, 12487, 12488, 12489, 12490, 12491, 12492, 12493, 12494, 12495, 12496, 12497, 12498, 12499, 12500, 12501, 12502, 12503, 12504, 12505, 12506, 12507, 12508, 12509, 12510, 12511, 12512, 12513, 12514, 12515, 12516, 12517, 12518, 12519, 12520, 12521, 12522, 12523, 12524, 12525, 12526, 12527, 12528, 12529, 12530, 12531, 12532, 12533, 12534, 12535, 12536, 12537, 12538, 12539, 12540, 12541, 12542, 12543, 12544, 12545, 12546, 12547, 12548, 12549, 12550, 12551, 12552, 12553, 12554, 12555, 12556, 12557, 12558, 12559, 12560, 12561, 12562, 12563, 12564, 12565, 12566, 12567, 12568, 12569, 12570, 12571, 12572, 12573, 12574, 12575, 12576, 12577, 12578, 12579
cellular amino acid metabolic process,13288, 13289, 13290, 13291, 13292, 13293, 13294, 13295, 13296, 13297, 13298, 13299, 13300, 13301, 13302, 13303, 13304, 13305, 13306, 13307, 13308, 13309, 13310, 13311, 13312, 13313, 13314, 13315, 13316, 13317, 13318, 13319, 13320, 13321, 13322, 13323, 13324, 13325, 13326, 13327, 13328, 13329, 13330, 13331, 13332, 13333, 13334, 13335, 13336, 13337, 13338, 13339, 13340, 13341, 13342, 13343, 13344, 13345, 13346, 13347, 13348, 13349, 13350, 13351, 13352, 13353, 13354, 13355, 13356, 13357, 13358, 13359, 13360, 13361, 13362, 13363, 13364, 13365, 13366, 13367, 13368, 13369, 13370, 13371, 13372, 13373, 13374, 13375, 13376, 13377, 13378, 13379, 13380, 13381, 13382, 13383, 13384, 13385, 13386, 13387, 13388, 13389, 13390, 13391, 13392, 13393, 13394, 13395, 13396, 13397, 13398, 13399, 13400, 13401, 13402, 13403, 13404, 13405, 13406, 13407, 13408, 13409, 13410, 13411, 13412, 13413, 13414, 13415, 13416, 13417, 13418, 13419, 13420, 13421, 13422, 13423, 13424, 13425, 13426, 13427, 13428, 13429, 13430, 13431, 13432, 13433, 13434, 13435, 13436, 13437, 13438, 13439, 13440, 13441, 13442, 13443, 13444, 13445, 13446, 13447, 13448, 13449, 13450, 13451, 13452, 13453, 13454, 13455, 13456, 13457, 13458, 13459, 13460, 13461, 13462, 13463, 13464, 13465, 13466, 13467, 13468, 13469, 13470, 13471, 13472, 13473, 13474, 13475, 13476, 13477, 13478, 13479, 13480, 13481, 13482, 13483, 13484, 13485, 13486, 13487, 13488, 13489, 13490, 13491, 13492, 13493, 13494, 13495, 13496, 13497, 13498, 13499, 13500, 13501, 13502, 13503, 13504, 13505, 13506, 13507, 13508, 13509, 13510, 13511, 13512, 13513, 13514, 13515, 13516, 13517, 13518, 13519, 13520, 13521, 13522, 13523, 13524, 13525, 13526, 13527, 13528, 13529, 13530, 13531, 13532, 13533, 13534, 13535, 13536, 13537, 13538, 13539, 13540, 13541, 13542, 13543, 13544, 13545, 13546, 13547, 13548, 13549, 13550, 13551, 13552, 13553, 13554, 13555, 13556, 13557, 13558, 13559, 13560, 13561, 13562, 13563, 13564, 13565, 13566, 13567, 13568, 13569, 13570, 13571, 13572, 13573, 13574, 13575, 13576, 13577, 13578, 13579, 13580, 13581, 13582, 13583, 13584, 13585, 13586, 13587, 13588, 13589, 13590, 13591, 13592, 13593, 13594, 13595, 13596, 13597, 13598, 13599, 13600, 13601, 13602, 13603, 13604, 13605, 13606, 13607, 13608, 13609, 13610, 13611, 13612, 13613, 13614, 13615, 13616, 13617, 13618, 13619, 13620, 13621, 13622, 13623, 13624, 13625, 13626, 13627, 13628, 13629, 13630, 13631, 13632, 13633, 13634, 13635, 13636, 13637, 13638, 13639, 13640, 13641, 13642, 13643, 13644, 13645, 13646, 13647, 13648, 13649, 13650, 13651, 13652, 13653, 13654, 13655, 13656, 13657, 13658, 13659, 13660, 13661, 13662, 13663, 13664, 13665, 13666, 13667, 13668, 13669, 13670, 13671, 13672, 13673, 13674, 13675, 13676, 13677, 13678, 13679, 13680, 13681, 13682, 13683, 13684, 13685, 13686, 13687, 13688, 13689, 13690, 13691, 13692, 13693, 13694, 13695, 13696, 13697, 13698, 13699, 13700, 13701, 13702, 13703, 13704, 13705, 13706, 13707, 13708, 13709, 13710, 13711, 13712, 13713, 13714, 13715, 13716, 13717, 13718, 13719, 13720, 13721, 13722, 13723, 13724, 13725, 13726, 13727, 13728, 13729, 13730, 13731, 13732, 13733, 13734, 13735
arginine catabolic process,13800, 13801, 13802, 13803, 13804, 13805, 13806, 13807, 13808, 13809
arginine biosynthetic process,13792, 13793, 13794, 13795, 13796, 13797, 13798, 13799
arginine metabolic process,13776, 13777, 13778, 13779, 13780, 13781, 13782, 13783, 13784, 13785, 13786, 13787, 13788, 13789, 13790, 13791
ornithine metabolic process,15267, 15268, 15269, 15270, 15271, 15272, 15273, 15274
urea cycle,406, 407, 408, 409, 410, 411, 412, 413, 414, 415, 416
response to acid,1300, 1301, 1302, 1303, 1304, 1305, 1306, 1307, 1308, 1309, 1310, 1311, 1312, 1313, 1314, 1315, 1316, 1317, 1318, 1319, 1320, 1321, 1322, 1323, 1324, 1325, 1326, 1327, 1328, 1329, 1330, 1331, 1332, 1333, 1334, 1335, 1336, 1337, 1338, 1339, 1340, 1341, 1342, 1343, 1344, 1345, 1346, 1347, 1348, 1349, 1350, 1351, 1352, 1353, 1354, 1355, 1356, 1357, 1358, 1359, 1360, 1361, 1362, 1363, 1364, 1365, 1366, 1367, 1368, 1369, 1370, 1371, 1372, 1373
liver development,2922, 2923, 2924, 2925, 2926, 2927, 2928, 2929, 2930, 2931, 2932, 2933, 2934, 2935, 2936, 2937, 2938, 2939, 2940, 2941, 2942, 2943, 2944, 2945, 2946, 2947, 2948, 2949, 2950, 2951, 2952, 2953, 2954, 2955, 2956, 2957, 2958, 2959, 2960, 2961, 2962, 2963, 2964, 2965, 2966, 2967, 2968, 2969, 2970, 2971, 2972, 2973, 2974, 2975, 2976, 2977, 2978, 2979, 2980, 2981, 2982, 2983, 2984, 2985, 2986, 2987, 2988, 2989, 2990, 2991, 2992, 2993, 2994, 2995, 2996, 2997, 2998, 2999, 3000, 3001, 3002, 3003, 3004, 3005, 3006, 3007, 3008, 3009, 3010, 3011, 3012, 3013, 3014, 3015, 3016, 3017, 3018, 3019, 3020, 3021, 3022, 3023, 3024, 3025, 3026, 3027, 3028, 3029, 3030, 3031, 3032, 3033, 3034, 3035, 3036, 3037, 3038, 3039, 3040, 3041, 3042, 3043, 3044
response to molecule of bacterial origin,3865, 3866, 3867, 3868, 3869, 3870, 3871, 3872, 3873, 3874, 3875, 3876, 3877, 3878, 3879, 3880, 3881, 3882, 3883, 3884, 3885, 3886, 3887, 3888, 3889, 3890, 3891, 3892, 3893, 3894, 3895, 3896, 3897, 3898, 3899, 3900, 3901, 3902, 3903, 3904, 3905, 3906, 3907, 3908, 3909, 3910, 3911, 3912, 3913, 3914, 3915, 3916, 3917, 3918, 3919, 3920, 3921, 3922, 3923, 3924, 3925, 3926, 3927, 3928, 3929, 3930, 3931, 3932, 3933, 3934, 3935, 3936, 3937, 3938, 3939, 3940, 3941, 3942, 3943, 3944, 3945, 3946, 3947, 3948, 3949, 3950, 3951, 3952, 3953, 3954, 3955, 3956, 3957, 3958, 3959, 3960, 3961, 3962, 3963, 3964, 3965, 3966, 3967, 3968, 3969, 3970, 3971, 3972, 3973, 3974, 3975, 3976, 3977, 3978, 3979, 3980, 3981, 3982, 3983, 3984, 3985, 3986, 3987, 3988, 3989, 3990, 3991, 3992, 3993, 3994, 3995, 3996, 3997, 3998, 3999, 4000, 4001, 4002, 4003, 4004, 4005, 4006, 4007, 4008, 4009, 4010, 4011, 4012, 4013, 4014, 4015, 4016, 4017, 4018, 4019, 4020, 4021, 4022, 4023, 4024, 4025, 4026, 4027, 4028, 4029, 4030, 4031, 4032, 4033, 4034, 4035, 4036, 4037, 4038, 4039, 4040, 4041, 4042, 4043, 4044, 4045, 4046, 4047, 4048, 4049, 4050, 4051, 4052, 4053, 4054, 4055, 4056, 4057
glutamine family amino acid biosynthetic process,41051, 41052, 41053, 41054, 41055, 41056, 41057, 41058, 41059, 41060, 41061, 41062, 41063, 41064, 41065, 41066, 41067, 41068, 41069, 41070, 41071
response to bacterium,47309, 47310, 47311, 47312, 47313, 47314, 47315, 47316, 47317, 47318, 47319, 47320, 47321, 47322, 47323, 47324, 47325, 47326, 47327, 47328, 47329, 47330, 47331, 47332, 47333, 47334, 47335, 47336, 47337, 47338, 47339, 47340, 47341, 47342, 47343, 47344, 47345, 47346, 47347, 47348, 47349, 47350, 47351, 47352, 47353, 47354, 47355, 47356, 47357, 47358, 47359, 47360, 47361, 47362, 47363, 47364, 47365, 47366, 47367, 47368, 47369, 47370, 47371, 47372, 47373, 47374, 47375, 47376, 47377, 47378, 47379, 47380, 47381, 47382, 47383, 47384, 47385, 47386, 47387, 47388, 47389, 47390, 47391, 47392, 47393, 47394, 47395, 47396, 47397, 47398, 47399, 47400, 47401, 47402, 47403, 47404, 47405, 47406, 47407, 47408, 47409, 47410, 47411, 47412, 47413, 47414, 47415, 47416, 47417, 47418, 47419, 47420, 47421, 47422, 47423, 47424, 47425, 47426, 47427, 47428, 47429, 47430, 47431, 47432, 47433, 47434, 47435, 47436, 47437, 47438, 47439, 47440, 47441, 47442, 47443, 47444, 47445, 47446, 47447, 47448, 47449, 47450, 47451, 47452, 47453, 47454, 47455, 47456, 47457, 47458, 47459, 47460, 47461, 47462, 47463, 47464, 47465, 47466, 47467, 47468, 47469, 47470, 47471, 47472, 47473, 47474, 47475, 47476, 47477, 47478, 47479, 47480, 47481, 47482, 47483, 47484, 47485, 47486, 47487, 47488, 47489, 47490, 47491, 47492, 47493, 47494, 47495, 47496, 47497, 47498, 47499, 47500, 47501, 47502, 47503, 47504, 47505, 47506, 47507
response to inorganic substance,53751, 53752, 53753, 53754, 53755, 53756, 53757, 53758, 53759, 53760, 53761, 53762, 53763, 53764, 53765, 53766, 53767, 53768, 53769, 53770, 53771, 53772, 53773, 53774, 53775, 53776, 53777, 53778, 53779, 53780, 53781, 53782, 53783, 53784, 53785, 53786, 53787, 53788, 53789, 53790, 53791, 53792, 53793, 53794, 53795, 53796, 53797, 53798, 53799, 53800, 53801, 53802, 53803, 53804, 53805, 53806, 53807, 53808, 53809, 53810, 53811, 53812, 53813, 53814, 53815, 53816, 53817, 53818, 53819, 53820, 53821, 53822, 53823, 53824, 53825, 53826, 53827, 53828, 53829, 53830, 53831, 53832, 53833, 53834, 53835, 53836, 53837, 53838, 53839, 53840, 53841, 53842, 53843, 53844, 53845, 53846, 53847, 53848, 53849, 53850, 53851, 53852, 53853, 53854, 53855, 53856, 53857, 53858, 53859, 53860, 53861, 53862, 53863, 53864, 53865, 53866, 53867, 53868, 53869, 53870, 53871, 53872, 53873, 53874, 53875, 53876, 53877, 53878, 53879, 53880, 53881, 53882, 53883, 53884, 53885, 53886, 53887, 53888, 53889, 53890, 53891, 53892, 53893, 53894, 53895, 53896, 53897, 53898, 53899, 53900, 53901, 53902, 53903, 53904, 53905, 53906, 53907, 53908, 53909, 53910, 53911, 53912, 53913, 53914, 53915, 53916, 53917, 53918, 53919, 53920, 53921, 53922, 53923, 53924, 53925, 53926, 53927, 53928, 53929, 53930, 53931, 53932, 53933, 53934, 53935, 53936, 53937, 53938, 53939, 53940, 53941, 53942, 53943, 53944, 53945, 53946, 53947, 53948, 53949, 53950, 53951, 53952, 53953, 53954, 53955, 53956, 53957, 53958, 53959, 53960, 53961, 53962, 53963, 53964, 53965, 53966, 53967, 53968, 53969, 53970, 53971, 53972, 53973, 53974, 53975, 53976, 53977, 53978, 53979, 53980, 53981, 53982, 53983, 53984, 53985, 53986, 53987, 53988, 53989, 53990, 53991, 53992, 53993, 53994, 53995, 53996, 53997, 53998, 53999, 54000, 54001, 54002, 54003, 54004, 54005, 54006, 54007, 54008, 54009
response to metal ion,54010, 54011, 54012, 54013, 54014, 54015, 54016, 54017, 54018, 54019, 54020, 54021, 54022, 54023, 54024, 54025, 54026, 54027, 54028, 54029, 54030, 54031, 54032, 54033, 54034, 54035, 54036, 54037, 54038, 54039, 54040, 54041, 54042, 54043, 54044, 54045, 54046, 54047, 54048, 54049, 54050, 54051, 54052, 54053, 54054, 54055, 54056, 54057, 54058, 54059, 54060, 54061, 54062, 54063, 54064, 54065, 54066, 54067, 54068, 54069, 54070, 54071, 54072, 54073, 54074, 54075, 54076, 54077, 54078, 54079, 54080, 54081, 54082, 54083, 54084, 54085, 54086, 54087, 54088, 54089, 54090, 54091, 54092, 54093, 54094, 54095, 54096, 54097, 54098, 54099, 54100, 54101, 54102, 54103, 54104, 54105, 54106, 54107, 54108, 54109, 54110, 54111, 54112, 54113, 54114, 54115, 54116, 54117, 54118, 54119, 54120, 54121, 54122, 54123, 54124, 54125, 54126, 54127, 54128, 54129, 54130, 54131, 54132, 54133, 54134, 54135, 54136, 54137, 54138, 54139, 54140, 54141, 54142, 54143, 54144, 54145, 54146, 54147, 54148, 54149, 54150, 54151, 54152, 54153, 54154, 54155, 54156, 54157, 54158, 54159, 54160, 54161, 54162, 54163, 54164, 54165, 54166, 54167, 54168, 54169, 54170, 54171, 54172, 54173, 54174, 54175, 54176, 54177, 54178, 54179, 54180, 54181, 54182, 54183, 54184, 54185, 54186, 54187, 54188, 54189, 54190, 54191, 54192, 54193, 54194, 54195, 54196, 54197, 54198, 54199, 54200, 54201, 54202, 54203, 54204, 54205, 54206, 54207, 54208, 54209, 54210, 54211, 54212, 54213, 54214, 54215, 54216, 54217, 54218, 54219, 54220, 54221
response to zinc ion,54282, 54283, 54284, 54285, 54286, 54287, 54288, 54289, 54290, 54291, 54292, 54293, 54294, 54295, 54296, 54297, 54298, 54299, 54300, 54301, 54302, 54303, 54304, 54305, 54306, 54307, 54308, 54309
response to organic nitrogen,54400, 54401, 54402, 54403, 54404, 54405, 54406, 54407, 54408, 54409, 54410, 54411, 54412, 54413, 54414, 54415, 54416, 54417, 54418, 54419, 54420, 54421, 54422, 54423, 54424, 54425, 54426, 54427, 54428, 54429, 54430, 54431, 54432, 54433, 54434, 54435, 54436, 54437, 54438, 54439, 54440, 54441, 54442, 54443, 54444, 54445, 54446, 54447, 54448, 54449, 54450, 54451, 54452, 54453, 54454, 54455, 54456, 54457, 54458, 54459, 54460, 54461, 54462, 54463, 54464, 54465, 54466, 54467, 54468, 54469, 54470, 54471, 54472, 54473, 54474, 54475, 54476, 54477, 54478, 54479, 54480, 54481, 54482, 54483, 54484, 54485, 54486, 54487, 54488, 54489, 54490, 54491, 54492, 54493, 54494, 54495, 54496, 54497, 54498, 54499, 54500, 54501, 54502, 54503, 54504, 54505, 54506, 54507, 54508, 54509, 54510, 54511, 54512
regulation of striated muscle contraction,24826, 24827, 24828, 24829, 24830, 24831, 24832, 24833, 24834, 24835
midgut development,30135, 30136, 30137, 30138, 30139, 30140, 30141, 30142, 30143, 30144, 30145, 30146, 30147, 30148, 30149
glutamine family amino acid catabolic process,40414, 40415, 40416, 40417, 40418, 40419, 40420, 40421, 40422, 40423, 40424, 40425, 40426, 40427, 40428, 40429, 40430, 40431, 40432, 40433, 40434, 40435, 40436, 40437, 40438, 40439, 40440, 40441, 40442, 40443, 40444, 40445, 40446, 40447, 40448, 40449, 40450, 40451, 40452, 40453, 40454, 40455, 40456, 40457, 40458, 40459, 40460
glutamine family amino acid metabolic process,40325, 40326, 40327, 40328, 40329, 40330, 40331, 40332, 40333, 40334, 40335, 40336, 40337, 40338, 40339, 40340, 40341, 40342, 40343, 40344, 40345, 40346, 40347, 40348, 40349, 40350, 40351, 40352, 40353, 40354, 40355, 40356, 40357, 40358, 40359, 40360, 40361, 40362, 40363, 40364, 40365, 40366, 40367, 40368, 40369, 40370, 40371, 40372, 40373, 40374, 40375, 40376, 40377, 40378, 40379, 40380, 40381, 40382, 40383, 40384, 40385, 40386, 40387, 40388, 40389, 40390, 40391, 40392, 40393, 40394, 40395, 40396, 40397, 40398, 40399, 40400, 40401, 40402, 40403, 40404, 40405, 40406, 40407, 40408, 40409, 40410, 40411, 40412, 40413
cellular amino acid catabolic process,40107, 40108, 40109, 40110, 40111, 40112, 40113, 40114, 40115, 40116, 40117, 40118, 40119, 40120, 40121, 40122, 40123, 40124, 40125, 40126, 40127, 40128, 40129, 40130, 40131, 40132, 40133, 40134, 40135, 40136, 40137, 40138, 40139, 40140, 40141, 40142, 40143, 40144, 40145, 40146, 40147, 40148, 40149, 40150, 40151, 40152, 40153, 40154, 40155, 40156, 40157, 40158, 40159, 40160, 40161, 40162, 40163, 40164, 40165, 40166, 40167, 40168, 40169, 40170, 40171, 40172, 40173, 40174, 40175, 40176, 40177, 40178, 40179, 40180, 40181, 40182, 40183, 40184, 40185, 40186, 40187, 40188, 40189, 40190, 40191, 40192, 40193, 40194, 40195, 40196, 40197, 40198, 40199, 40200, 40201, 40202, 40203, 40204, 40205, 40206, 40207, 40208, 40209, 40210, 40211, 40212, 40213, 40214, 40215, 40216, 40217, 40218, 40219, 40220, 40221, 40222, 40223, 40224, 40225, 40226, 40227, 40228, 40229, 40230, 40231, 40232, 40233, 40234, 40235, 40236, 40237, 40238, 40239, 40240, 40241, 40242, 40243, 40244, 40245, 40246, 40247, 40248, 40249, 40250, 40251, 40252, 40253, 40254, 40255, 40256, 40257, 40258, 40259, 40260, 40261, 40262, 40263, 40264, 40265, 40266, 40267, 40268, 40269, 40270, 40271, 40272, 40273, 40274, 40275, 40276, 40277, 40278, 40279, 40280, 40281, 40282, 40283, 40284, 40285, 40286, 40287, 40288, 40289, 40290, 40291, 40292, 40293, 40294, 40295, 40296, 40297, 40298, 40299, 40300, 40301, 40302, 40303, 40304, 40305, 40306, 40307, 40308, 40309, 40310, 40311, 40312, 40313, 40314, 40315, 40316, 40317, 40318, 40319, 40320, 40321, 40322, 40323, 40324
cellular amino acid biosynthetic process,37583, 37584, 37585, 37586, 37587, 37588, 37589, 37590, 37591, 37592, 37593, 37594, 37595, 37596, 37597, 37598, 37599, 37600, 37601, 37602, 37603, 37604, 37605, 37606, 37607, 37608, 37609, 37610, 37611, 37612, 37613, 37614, 37615, 37616, 37617, 37618, 37619, 37620, 37621, 37622, 37623, 37624, 37625, 37626, 37627, 37628, 37629, 37630, 37631, 37632, 37633, 37634, 37635, 37636, 37637, 37638, 37639, 37640, 37641, 37642, 37643, 37644, 37645, 37646, 37647, 37648, 37649, 37650, 37651, 37652, 37653, 37654, 37655, 37656, 37657, 37658, 37659, 37660, 37661, 37662, 37663, 37664, 37665, 37666, 37667, 37668, 37669, 37670, 37671, 37672, 37673, 37674, 37675, 37676, 37677, 37678, 37679, 37680, 37681, 37682, 37683, 37684, 37685, 37686, 37687, 37688, 37689, 37690, 37691, 37692, 37693, 37694, 37695, 37696, 37697, 37698, 37699, 37700, 37701, 37702, 37703, 37704, 37705, 37706, 37707, 37708, 37709, 37710, 37711, 37712, 37713, 37714, 37715, 37716, 37717, 37718, 37719, 37720, 37721, 37722, 37723, 37724, 37725, 37726, 37727, 37728, 37729, 37730, 37731, 37732, 37733, 37734, 37735, 37736, 37737, 37738, 37739, 37740, 37741, 37742, 37743, 37744, 37745, 37746, 37747, 37748, 37749, 37750, 37751, 37752, 37753, 37754, 37755, 37756, 37757, 37758, 37759, 37760, 37761, 37762, 37763, 37764, 37765, 37766, 37767, 37768, 37769, 37770, 37771, 37772, 37773, 37774, 37775, 37776, 37777, 37778, 37779, 37780, 37781, 37782
Arginine and proline metabolism,234498, 234499, 234500, 234501, 234502, 234503, 234504, 234505, 234506, 234507, 234508, 234509, 234510, 234511, 234512, 234513, 234514, 234515, 234516, 234517, 234518, 234519, 234520, 234521, 234522, 234523, 234524, 234525, 234526, 234527, 234528, 234529, 234530, 234531, 234532, 234533, 234534, 234535, 234536, 234537, 234538, 234539, 234540, 234541, 234542, 234543, 234544, 234545, 234546, 234547, 234548, 234549, 234550, 234551, 234552, 234553, 234554, 234555, 234556, 234557, 234558, 234559, 234560, 234561, 234562, 234563, 234564, 234565, 234566, 234567, 234568, 234569, 234570, 234571, 234572, 234573, 234574, 234575, 234576, 234577, 234578, 234579, 234580, 234581, 234582, 234583, 234584, 234585, 234586, 234587
Alanine aspartate and glutamate metabolism,234221, 234222, 234223, 234224, 234225, 234226, 234227, 234228, 234229, 234230, 234231, 234232, 234233, 234234, 234235, 234236, 234237, 234238, 234239, 234240, 234241, 234242, 234243, 234244
Nitrogen metabolism,236086, 236087, 236088, 236089, 236090, 236091, 236092, 236093, 236094, 236095, 236096, 236097, 236098, 236099, 236100, 236101, 236102, 236103, 236104, 236105, 236106, 236107, 236108, 236109, 236110, 236111
